ilot;zoneMeteo
beauce_17;13218
beauce_29;13218
beauce_41;13218
beauce_23;13218
beauce_35;13218
beauce_47;13218
beauce_13;13218
beauce_25;13218
beauce_37;13218
beauce_19;13218
beauce_31;13218
beauce_43;13218
beauce_2;13218
beauce_6;13218
beauce_10;13218
beauce_4;13218
beauce_8;13218
beauce_12;13218
beauce_1;13218
beauce_5;13218
beauce_9;13218
beauce_3;13218
beauce_7;13218
beauce_11;13218
beauce_16;13218
beauce_28;13218
beauce_40;13218
beauce_22;13218
beauce_34;13218
beauce_46;13218
beauce_14;13218
beauce_26;13218
beauce_38;13218
beauce_20;13218
beauce_32;13218
beauce_44;13218
beauce_18;13218
beauce_30;13218
beauce_42;13218
beauce_24;13218
beauce_36;13218
beauce_48;13218
beauce_15;13218
beauce_27;13218
beauce_39;13218
beauce_21;13218
beauce_33;13218
beauce_45;13218
oceanique_2;13761
oceanique_4;13761
oceanique_6;13761
oceanique_1;13761
oceanique_3;13761
oceanique_5;13761
oceanique_11;13761
oceanique_17;13761
oceanique_23;13761
oceanique_7;13761
oceanique_13;13761
oceanique_19;13761
oceanique_10;13761
oceanique_16;13761
oceanique_22;13761
oceanique_8;13761
oceanique_14;13761
oceanique_20;13761
oceanique_12;13218
oceanique_18;13761
oceanique_24;13761
oceanique_9;13761
oceanique_15;13761
oceanique_21;13761
sudouest_27;4756
sudouest_35;4756
sudouest_43;4756
sudouest_31;4756
sudouest_39;4756
sudouest_47;4756
sudouest_25;4756
sudouest_33;4756
sudouest_41;4756
sudouest_29;4756
sudouest_37;4756
sudouest_45;4756
sudouest_28;4756
sudouest_36;4756
sudouest_44;4756
sudouest_32;4756
sudouest_40;4756
sudouest_48;4756
sudouest_26;4756
sudouest_34;4756
sudouest_42;4756
sudouest_30;4756
sudouest_38;4756
sudouest_46;4756
sudouest_14;4756
sudouest_18;4756
sudouest_22;4756
sudouest_16;4756
sudouest_20;4756
sudouest_24;4756
sudouest_13;4756
sudouest_17;4756
sudouest_21;4756
sudouest_15;4756
sudouest_19;4756
sudouest_23;4756
sudouest_2;4756
sudouest_6;4756
sudouest_10;4756
sudouest_4;4756
sudouest_8;4756
sudouest_12;4756
sudouest_1;4756
sudouest_5;4756
sudouest_9;4756
sudouest_3;4756
sudouest_7;4756
sudouest_11;4756
copie_beauce_10;13218
copie_beauce_8;13218
copie_beauce_44;13218
copie_oceanique_1;13761
copie_oceanique_5;13761
copie_oceanique_14;13761
copie_sudouest_18;4756
copie_sudouest_22;4756
copie_sudouest_2;4756
copie_sudouest_1;4756
